symbol,0,a,b,c,d,e,f,g,h,Latitude,Longitude
A,45.298838,46.076584999999994,45.907077,45.83728,46.066615000000006,46.375718,45.588002,45.639998999999996,45.560001,37.35416794,-121.95417020000001
AAL,48.580002,49.220001,49.470001,48.689999,48.48,48.610001000000004,47.669998,47.25,46.689999,32.72527695,-97.32055664
AAP,173.760621,175.57,173.509995,170.389999,170.889999,171.83999599999999,170.419998,170.279999,169.119995,37.27083206,-79.94166565
AAPL,116.639999,116.949997,117.059998,116.290001,116.519997,117.260002,116.760002,116.730003,115.82,37.32305527,-122.03111270000001
ABBV,61.59848,61.539078,60.836172,61.044073,61.71728100000001,61.875682,61.647980000000004,62.103384,61.994482999999995,41.84999847,-87.65000153
ABT,38.093934000000004,37.944896,37.994578000000004,38.044256,38.173419,38.352264,37.974706,38.064128000000004,38.163484999999994,41.84999847,-87.65000153
ACN,123.650002,124.099998,117.900002,117.790001,117.480003,117.550003,116.610001,117.010002,117.129997,53.3330574,-6.248888968999999
ADBE,105.290001,105.769997,105.510002,104.720001,105.019997,104.980003,103.769997,103.68,102.949997,37.33944321,-121.8938904
ADM,46.07,46.220001,46.130001,45.18,45.150002,45.650002,45.34,45.360001000000004,45.650002,34.60583496,-86.98332977
ADM,46.07,46.220001,46.130001,45.18,45.150002,45.650002,45.34,45.360001000000004,45.650002,39.84027863,-88.95471954
ADS,230.960007,231.33999599999999,233.67999300000002,231.66000400000001,233.63999900000002,233.710007,228.57000699999998,229.25,228.5,33.01972198,-96.6986084
ADSK,75.699997,76.010002,75.629997,74.58000200000001,76.0,75.980003,75.019997,74.980003,74.010002,37.97360992,-122.52999879999999
AEP,62.939999,63.209998999999996,62.799999,63.240002000000004,63.169998,63.130001,62.389998999999996,63.279999,62.959998999999996,32.4608345,-84.98777771
AEP,62.939999,63.209998999999996,62.799999,63.240002000000004,63.169998,63.130001,62.389998999999996,63.279999,62.959998999999996,39.96111298,-82.99888611
AES,11.84,11.94,11.98,11.78,11.73,11.86,11.64,11.7,11.62,32.73555374,-97.10778046
AES,11.84,11.94,11.98,11.78,11.73,11.86,11.64,11.7,11.62,38.89027786,-77.08444214
AET,123.848133,124.37705600000001,123.099655,124.436939,125.694377,125.97381499999999,124.32716200000002,124.19742099999999,123.758319,41.76361084,-72.68555450000001
AFL,69.790001,69.860001,70.300003,70.379997,70.150002,70.400002,69.800003,69.83000200000001,69.599998,32.4608345,-84.98777771
AFL,69.790001,69.860001,70.300003,70.379997,70.150002,70.400002,69.800003,69.83000200000001,69.599998,39.96111298,-82.99888611
AGN,192.550003,191.330002,193.990005,193.990005,199.080002,200.490005,204.059998,207.21000700000002,210.00999500000003,53.3330574,-6.248888968999999
AIG,66.540001,66.599998,66.660004,66.230003,66.410004,66.699997,65.879997,65.5,65.309998,40.71416855,-74.0063858
AIV,44.57,44.84,43.970001,44.549999,44.740002000000004,44.310001,44.23,44.700001,45.450001,39.73916626,-104.984169
AIZ,92.410004,92.300003,92.32,93.190002,93.279999,93.739998,93.190002,92.66999799999999,92.860001,40.71416855,-74.0063858
AKAM,67.760002,68.699997,67.870003,67.370003,67.629997,68.089996,67.269997,67.040001,66.68,42.375,-71.10610962
ALB,89.0,89.339996,89.279999,88.41999799999999,88.82,89.010002,86.58000200000001,87.07,86.08000200000001,30.450555800000004,-91.15444183
ALK,90.33000200000001,91.559998,91.120003,89.099998,90.43,90.540001,88.690002,88.529999,88.730003,47.60638809,-122.3308334
ALLE,64.910004,65.33000200000001,65.550003,65.25,65.389999,65.540001,64.800003,64.769997,64.0,53.3330574,-6.248888968999999
AMAT,32.439999,32.610001000000004,32.580002,33.009997999999996,32.900002,33.330002,32.900002,32.66,32.27,37.35416794,-121.95417020000001
AME,49.139998999999996,49.470001,49.299999,49.419998,49.450001,49.709998999999996,48.75,48.66,48.599998,41.85055542,-87.79360962
AMGN,147.740005,147.220001,146.169998,146.360001,147.550003,148.360001,147.669998,147.779999,146.21000700000002,34.17055511,-118.8366699
AMP,111.410004,113.480003,112.910004,111.760002,111.93,112.33000200000001,110.82,109.91999799999999,110.940002,44.97999954,-93.26361084
AMT,106.368094,106.39793700000001,106.02,106.02,106.029999,106.290001,105.839996,106.389999,105.68,42.35833359,-71.06027985
AMZN,766.0,771.219971,770.599976,766.340027,760.590027,771.400024,772.130005,765.150024,749.869995,47.60638809,-122.3308334
AN,48.599998,49.41,49.540001000000004,48.919998,48.990002000000004,49.549999,48.400002,48.68,48.650002,26.12194443,-80.14360809
ANTM,144.880005,147.66000400000001,144.979996,144.580002,146.020004,145.679993,144.259995,144.759995,143.770004,39.76833344,-86.15805817
AON,112.33000200000001,111.83000200000001,112.25,112.480003,112.889999,112.5,111.720001,111.41999799999999,111.529999,51.51412582,-0.093689002
APA,66.435733,66.485538,66.375973,66.475575,66.136926,66.077159,64.334092,63.616946999999996,63.218534,29.763055800000004,-95.36305237
APC,71.370003,70.970001,70.75,70.769997,71.25,71.540001,70.639999,70.110001,69.730003,30.15777779,-95.48916626
APD,146.844593,146.62589599999998,146.47679,145.224248,145.61193600000001,146.50661100000002,144.259995,144.369995,143.820007,40.60833359,-75.49055481
ARNC,20.02,20.1,20.02,20.07,19.780001000000002,19.780001000000002,19.25,18.700001,18.540001,40.71416855,-74.0063858
ATVI,36.630001,36.830002,36.900002,36.439999,36.5,36.529999,36.43,36.48,36.110001000000004,34.01944351,-118.49028020000002
AVB,173.447898,173.884522,171.602179,172.386122,173.15021399999998,174.470003,173.940002,175.600006,177.149994,32.73555374,-97.10778046
AVB,173.447898,173.884522,171.602179,172.386122,173.15021399999998,174.470003,173.940002,175.600006,177.149994,38.89027786,-77.08444214
AVGO,180.46000700000002,182.070007,182.28999299999998,180.600006,181.940002,182.309998,180.190002,179.869995,176.770004,37.33944321,-121.8938904
AVY,71.279999,71.519997,71.57,71.370003,71.43,71.690002,70.790001,70.620003,70.220001,33.53861237,-112.18527979999999
AVY,71.279999,71.519997,71.57,71.370003,71.43,71.690002,70.790001,70.620003,70.220001,34.14250183,-118.2541656
AXP,74.233402,74.74123,75.000128,74.263273,74.651616,74.661576,74.05416600000001,73.606072,73.765397,40.71416855,-74.0063858
AYI,245.41524900000002,231.573971,230.19483599999998,232.15360800000002,234.771952,235.44152799999998,230.654553,232.643289,230.71451299999998,33.74888992,-84.38805389
AZO,798.6900019999999,807.320007,803.619995,799.6099849999999,795.820007,803.570007,795.8900150000001,798.48999,789.789978,35.14944458,-90.04888916
BA,156.179993,156.389999,157.479996,157.46000700000002,157.809998,157.479996,156.100006,155.690002,155.679993,41.84999847,-87.65000153
BAC,22.48,22.709999,22.629998999999998,22.540001,22.6,22.610001,22.33,22.0,22.1,35.22694397,-80.84333038
BBBY,47.09,46.200001,45.560001,41.380001,40.77,40.990002000000004,40.580002,40.869999,40.639998999999996,40.69749832,-74.26361084
BBT,46.860001000000004,47.650002,47.400002,47.310001,47.540001000000004,47.709998999999996,47.200001,46.720001,47.02,36.09972382,-80.2444458
BEN,39.57268,40.199555,40.209503999999995,40.080148,40.279156,40.110001000000004,39.470001,39.41,39.580002,37.56305695,-122.3244476
BF-B,45.450001,45.34,45.34,44.950001,44.830002,44.990002000000004,44.849998,45.130001,44.919998,38.25416565,-85.75944519
BHI,65.730003,65.150002,64.889999,65.610001,64.93,65.550003,64.709999,64.720001,64.970001,29.763055800000004,-95.36305237
BIIB,278.769989,285.589996,283.109985,283.070007,287.52999900000003,291.119995,289.25,287.02999900000003,283.579987,26.10000038,-80.40000153
BK,47.279999,47.68,47.549999,47.610001000000004,47.580002,47.73,47.650002,47.34,47.380001,40.71416855,-74.0063858
BLK,389.769989,398.450012,393.52999900000003,387.119995,385.73999,387.48999,381.02999900000003,379.0,380.540009,40.71416855,-74.0063858
BMY,59.030193999999995,58.732163,58.304984,58.374524,59.21895,58.940788,58.22551,58.513608999999995,58.056624,40.71416855,-74.0063858
BRK-B,165.350006,166.360001,165.949997,166.029999,165.320007,164.949997,163.75,163.050003,162.979996,41.25860977,-95.9375
BXP,125.38853200000001,126.52165,123.837943,123.77830800000001,123.32108600000001,123.499999,122.459999,123.66999799999999,125.779999,42.35833359,-71.06027985
C,59.66,60.799999,60.75,60.490002000000004,60.990002000000004,61.09,60.040001000000004,59.380001,59.43,40.71416855,-74.0063858
CAG,38.164387,38.035049,37.806222,39.089645000000004,39.567197,39.646786999999996,39.33837,39.577144,39.348317,41.25860977,-95.9375
CAT,91.947076,93.56366,93.047942,93.345476,93.543828,93.771938,92.38345699999999,92.522305,91.976828,40.69361115,-89.58889008
CAT,91.947076,93.56366,93.047942,93.345476,93.543828,93.771938,92.38345699999999,92.522305,91.976828,33.58055496,-112.2366638
CB,133.240005,132.990005,133.320007,133.309998,133.110001,132.679993,132.16000400000001,132.240005,132.119995,47.366668700000005,8.550000191
CBG,31.799999,32.07,31.959999,31.74,31.610001,31.76,31.219998999999998,31.15,31.49,34.05222321,-118.242775
CBS,64.339996,64.620003,64.629997,64.5,64.66999799999999,64.849998,64.5,64.5,63.619999,40.71416855,-74.0063858
CCI,87.260002,87.57,87.129997,87.129997,87.239998,87.529999,86.769997,87.010002,86.769997,29.763055800000004,-95.36305237
CCL,51.32,52.490002000000004,53.09,52.41,53.029999,52.639998999999996,52.189999,51.990002000000004,52.060001,25.77388954,-80.1938858
CERN,48.689999,48.5,48.540001000000004,47.810001,48.040001000000004,48.279999,47.470001,47.919998,47.369999,39.09972382,-94.57833099
CERN,48.689999,48.5,48.540001000000004,47.810001,48.040001000000004,48.279999,47.470001,47.919998,47.369999,39.11416626,-94.62722015
CFG,35.369999,36.080002,36.02,36.0,36.330002,36.459998999999996,36.0,35.279999,35.630001,41.82389069,-71.41333008
CHK,7.31,7.29,7.43,7.34,7.44,7.59,7.23,7.16,7.02,35.46749878,-97.51611328
CHRW,74.620003,74.529999,74.629997,74.470001,74.540001,74.480003,73.470001,73.730003,73.260002,44.85472107,-93.47055817
CHTR,288.910004,290.380005,291.23999,291.019989,290.429993,291.799988,291.119995,292.190002,287.920013,41.05333328,-73.53916931
CI,138.08999599999999,137.110001,137.070007,136.970001,138.610001,139.389999,137.0,135.5,133.389999,39.95222092,-75.16416931
CINF,76.459999,76.510002,76.190002,76.290001,76.489998,76.57,75.959999,75.870003,75.75,41.14110947,-73.26416779
CINF,76.459999,76.510002,76.190002,76.290001,76.489998,76.57,75.959999,75.870003,75.75,38.24944305,-122.03888700000002
CL,65.68034200000001,66.008447,65.670404,65.98856500000001,65.889134,65.63063299999999,65.23293100000001,65.51132,65.06390999999999,40.71416855,-74.0063858
CLX,118.176208,119.00074099999999,118.772253,119.715998,120.10342800000001,121.12664,119.527248,120.560396,119.229221,37.80444336,-122.269722
CMA,67.889999,68.720001,69.150002,69.019997,69.25,69.589996,68.629997,67.91999799999999,68.110001,32.78333282,-96.80000305
CMCSA,69.87476600000001,70.731392,70.552098,70.74134699999999,70.372804,70.591942,70.17358399999999,69.814996,69.050003,39.95222092,-75.16416931
CME,119.11368799999998,119.12341299999999,117.92653899999999,117.440004,116.91999799999999,116.690002,115.959999,115.589996,115.349998,41.84999847,-87.65000153
CMG,389.5,389.47000099999997,393.5,391.160004,389.769989,388.75,385.369995,376.609985,377.320007,39.73916626,-104.984169
CMI,137.41000400000001,138.0,138.699997,138.229996,138.240005,138.080002,136.46000700000002,136.419998,136.669998,32.4608345,-84.98777771
CMI,137.41000400000001,138.0,138.699997,138.229996,138.240005,138.080002,136.46000700000002,136.419998,136.669998,39.96111298,-82.99888611
CMS,41.889998999999996,41.709998999999996,41.560001,41.59,41.700001,41.689999,41.299999,41.77,41.619999,35.61444473,-88.81388855
CMS,41.889998999999996,41.709998999999996,41.560001,41.59,41.700001,41.689999,41.299999,41.77,41.619999,32.29861069,-90.18472290000001
CNP,24.459999,24.66,24.65,24.84,24.83,24.76,24.440001000000002,24.73,24.639999,29.763055800000004,-95.36305237
COG,21.820307,21.800325,22.419766,22.279891,22.769451,23.129125,22.899333,22.719495000000002,23.338936999999998,29.763055800000004,-95.36305237
COH,35.279999,35.82,35.66,34.240002000000004,34.360001000000004,34.439999,35.139998999999996,35.009997999999996,35.02,40.71416855,-74.0063858
COL,93.989998,94.690002,93.93,93.949997,93.970001,94.440002,93.489998,93.449997,92.760002,42.00833511,-91.64389038
COO,175.041311,175.361251,174.591373,173.07163300000002,175.401237,177.41091799999998,175.31125600000001,175.46124,174.901319,37.66249847,-121.8736115
COP,51.98,51.549999,51.48,51.540001000000004,51.369999,51.599998,50.77,50.540001000000004,50.139998999999996,29.763055800000004,-95.36305237
COTY,18.76,18.67,18.76,18.73,18.67,18.76,18.49,18.41,18.309998999999998,40.71416855,-74.0063858
CPB,59.475076,59.783289,59.862826,59.862826,59.932421999999995,60.141214,60.180981,60.598561,60.121329,39.92583466,-75.12000275
CRM,69.510002,69.860001,70.110001,69.900002,69.870003,69.849998,69.089996,69.150002,68.459999,37.77500153,-122.41833500000001
CSCO,30.488211,30.299828,30.161021,30.200678999999997,30.270084999999998,30.418808000000002,30.161021,30.200678999999997,29.962722999999997,37.33944321,-121.8938904
CSX,36.23,36.619999,36.5,36.689999,36.650002,36.860001000000004,36.52,36.23,35.93,30.33194351,-81.65583038
CSX,36.23,36.619999,36.5,36.689999,36.650002,36.860001000000004,36.52,36.23,35.93,34.75388718,-77.43055725
CTL,24.190001000000002,24.129998999999998,23.77,23.870001000000002,24.059998999999998,24.139999,24.030001000000002,24.030001000000002,23.780001000000002,32.50916672,-92.11916351
CTXS,91.449997,91.730003,92.059998,90.449997,90.839996,90.970001,90.08000200000001,90.019997,89.309998,26.12194443,-80.14360809
CXO,138.570007,136.83999599999999,136.600006,136.490005,136.330002,136.979996,135.03999299999998,134.139999,132.600006,31.9972229,-102.07749940000001
D,76.510002,76.510002,76.239998,76.629997,76.75,76.66999799999999,76.33000200000001,76.989998,76.589996,37.55361176,-77.46055603
D,76.510002,76.510002,76.239998,76.629997,76.75,76.66999799999999,76.33000200000001,76.989998,76.589996,37.93583298,-122.34666440000001
DAL,50.419998,50.759997999999996,50.919998,49.799999,49.889998999999996,50.360001000000004,49.509997999999996,49.310001,49.189999,33.74888992,-84.38805389
DD,75.029999,75.260002,75.459999,75.07,74.93,74.959999,74.379997,73.809998,73.400002,39.74583435,-75.54694366
DD,75.029999,75.260002,75.459999,75.07,74.93,74.959999,74.379997,73.809998,73.400002,34.22555542,-77.94499969
DGX,91.9315,92.15043299999999,91.593154,91.36426800000001,91.961361,92.060874,91.314515,91.42398100000001,91.453835,43.07305527,-89.40110779
DHI,28.02,28.07,28.15,27.76,27.559998999999998,27.93,27.610001,27.530001000000002,27.33,32.72527695,-97.32055664
DHR,78.485333,78.72495,78.235729,78.20577800000001,78.82479000000001,78.694999,78.129997,78.220001,77.839996,38.89500046,-77.03666687
DIS,105.300003,105.459999,105.559998,105.41999799999999,105.150002,105.16999799999999,104.300003,104.559998,104.220001,34.18083191,-118.3080521
DISCA,28.17,28.49,28.440001000000002,28.129998999999998,28.0,28.120001000000002,27.889999,27.690001000000002,27.41,38.99055481,-77.02639008
DISCK,27.389999,27.639999,27.68,27.41,27.299999,27.5,27.27,27.01,26.780001000000002,38.99055481,-77.02639008
DLPH,67.68,67.279999,69.190002,67.25,67.800003,68.059998,67.309998,67.360001,67.349998,51.40000153,0.56666702
DLR,96.599998,95.75,95.32,96.190002,96.349998,96.41999799999999,96.019997,98.410004,98.260002,37.77500153,-122.41833500000001
DLTR,84.269997,85.089996,84.059998,79.309998,78.699997,78.120003,77.66999799999999,77.339996,77.18,36.81888962,-76.27527618
DOW,58.319764,58.339608,58.61741800000001,58.29,58.43,58.419998,57.900002,57.419998,57.220001,31.9972229,-102.07749940000001
DPS,90.349998,90.470001,90.300003,90.510002,90.779999,90.870003,90.459999,90.959999,90.66999799999999,33.01972198,-96.6986084
DRI,75.094064,75.15359699999999,75.15359699999999,73.992657,73.903358,73.794209,73.109549,73.208773,72.156982,28.53805542,-81.37944794
DTE,98.279999,98.620003,98.209999,98.510002,98.739998,98.650002,97.93,98.93,98.510002,42.33139038,-83.04582977
DUK,77.129997,77.349998,77.0,77.769997,77.620003,77.480003,77.029999,78.019997,77.620003,35.22694397,-80.84333038
DVA,65.190002,64.870003,64.66999799999999,64.849998,65.199997,65.010002,64.309998,64.360001,64.199997,39.73916626,-104.984169
DVN,47.040001000000004,46.66,46.57,46.900002,46.540001000000004,46.84,46.240002000000004,45.950001,45.669998,35.46749878,-97.51611328
EA,79.5,79.5,79.660004,79.790001,80.66999799999999,81.08000200000001,80.379997,80.160004,78.760002,37.48527908,-122.2352753
EBAY,29.379998999999998,29.26,29.360001,29.540001,29.790001,30.24,30.01,29.98,29.690001000000002,37.33944321,-121.8938904
ED,73.040001,73.440002,73.120003,73.5,73.629997,73.75,73.07,74.07,73.68,40.71416855,-74.0063858
EFX,116.019997,116.089996,118.650002,118.910004,119.650002,118.589996,118.480003,118.66999799999999,118.230003,33.74888992,-84.38805389
EIX,71.06949,71.56571600000001,71.19850600000001,71.585562,71.357302,71.397001,71.150002,72.279999,71.989998,34.08055496,-118.0719452
EL,76.279999,77.629997,78.120003,78.779999,78.379997,78.230003,77.220001,77.269997,76.489998,40.71416855,-74.0063858
ENDP,16.030001000000002,16.040001,15.69,15.77,16.27,15.9,15.65,15.68,16.469998999999998,53.3330574,-6.248888968999999
EOG,103.314309,102.994822,102.385798,102.964864,101.866626,102.375812,101.487238,101.117827,100.938115,29.763055800000004,-95.36305237
EQIX,354.48999,354.73999,350.019989,351.040009,356.609985,356.72000099999997,353.859985,357.089996,357.410004,37.48527908,-122.2352753
EQR,63.630598,63.898458,62.955998,62.970001,62.950001,63.189999,62.919998,63.68,64.360001,41.84999847,-87.65000153
EQT,65.779999,65.650002,67.059998,66.620003,66.400002,67.08000200000001,66.25,65.620003,65.400002,40.44055557,-79.99610901
ES,55.07,55.259997999999996,54.950001,55.439999,55.459998999999996,55.380001,54.720001,55.57,55.23,44.04639053,-123.02083590000002
ES,55.07,55.259997999999996,54.950001,55.439999,55.459998999999996,55.380001,54.720001,55.57,55.23,39.92416763,-83.8088913
ES,55.07,55.259997999999996,54.950001,55.439999,55.459998999999996,55.380001,54.720001,55.57,55.23,39.80166626,-89.64360809
ES,55.07,55.259997999999996,54.950001,55.439999,55.459998999999996,55.380001,54.720001,55.57,55.23,42.10138702,-72.59027863
ES,55.07,55.259997999999996,54.950001,55.439999,55.459998999999996,55.380001,54.720001,55.57,55.23,37.21527863,-93.29805756
ESS,227.382165,228.007774,225.99194100000003,227.98790899999997,229.060375,227.69,227.55000299999998,229.520004,232.5,37.44194412,-122.1419449
ETFC,34.790001000000004,35.18,35.07,34.900002,35.43,35.580002,34.84,34.59,34.650002,40.71416855,-74.0063858
ETN,67.82,68.449997,67.82,68.07,68.260002,68.489998,67.699997,67.610001,67.089996,53.3330574,-6.248888968999999
ETR,73.18,73.230003,72.900002,73.18,72.889999,73.010002,71.989998,73.5,73.470001,29.95444489,-90.07499695
EVHC,65.300003,65.110001,65.639999,64.959999,65.339996,65.779999,64.610001,64.309998,63.290001000000004,36.16583252,-86.78444672
EW,91.480003,90.870003,91.43,91.800003,93.0,93.349998,92.709999,93.709999,93.699997,33.66944504,-117.82221979999998
EXC,35.75,35.459998999999996,35.139998999999996,35.310001,35.299999,35.400002,35.200001,35.720001,35.490002000000004,41.84999847,-87.65000153
EXPD,54.41,54.27,53.990002000000004,53.779999,53.700001,53.759997999999996,53.110001000000004,53.080002,52.959998999999996,47.60638809,-122.3308334
EXPE,116.220001,117.089996,114.860001,114.400002,113.860001,113.629997,113.470001,113.970001,113.279999,47.61055374,-122.1994476
EXR,74.940002,74.300003,73.58000200000001,74.360001,74.760002,75.379997,74.339996,75.589996,77.239998,40.76083374,-111.890274
F,12.459207000000001,12.577303,12.439524,12.203330000000001,12.262379,12.193489999999999,12.055710000000001,12.036026,11.937613,42.32222366,-83.1763916
FCX,13.55,14.16,14.05,13.8,13.81,13.76,13.57,13.48,13.19,33.44833374,-112.0733337
FDX,197.619995,198.740005,192.119995,190.889999,191.860001,190.550003,188.449997,186.949997,186.199997,35.14944458,-90.04888916
FE,31.65,31.290001,31.42,31.219998999999998,31.27,31.280001000000002,30.84,31.120001000000002,30.969998999999998,41.08139038,-81.51916504
FFIV,145.149994,146.559998,146.110001,144.240005,145.449997,145.330002,144.059998,144.919998,144.720001,47.60638809,-122.3308334
FIS,76.08000200000001,76.459999,76.690002,75.800003,76.019997,76.66999799999999,76.58000200000001,77.0,75.639999,30.33194351,-81.65583038
FIS,76.08000200000001,76.459999,76.690002,75.800003,76.019997,76.66999799999999,76.58000200000001,77.0,75.639999,34.75388718,-77.43055725
FITB,27.092672999999998,27.64985,27.550354,27.480707000000002,27.540404,27.620001000000002,27.26,26.73,26.969998999999998,39.16194534,-84.45694733
FL,75.03798499999999,75.316898,74.788954,71.850385,71.471861,71.631244,70.864225,70.61519399999999,70.61519399999999,40.71416855,-74.0063858
FLR,54.169998,53.860001000000004,54.16,53.619999,53.509997999999996,53.810001,53.009997999999996,52.470001,52.52,32.81388855,-96.9486084
FLS,48.300079,48.877805,49.186592,48.967453000000006,48.628784,49.246355,48.319997,48.049999,48.049999,32.81388855,-96.9486084
FMC,56.975516000000006,56.855862,57.015402,56.815977000000004,56.52681,57.154998,56.66,56.759997999999996,56.560001,39.95222092,-75.16416931
FOX,27.629998999999998,27.59,27.74,27.75,27.700001,27.84,27.66,27.48,27.25,40.71416855,-74.0063858
FOXA,28.120001000000002,28.18,28.450001,28.43,28.379998999999998,28.540001,28.450001,28.280001000000002,28.040001,40.71416855,-74.0063858
FRT,141.087706,141.137356,138.813866,138.724505,138.674854,139.111753,137.949993,140.050003,142.110001,39.08388901,-77.15305328
FSLR,34.98,34.470001,33.200001,32.68,32.619999,33.990002000000004,32.799999,32.57,32.09,33.41472244,-111.9086075
FTI,34.630001,34.68,34.959998999999996,35.25,35.02,35.669998,35.189999,35.549999,35.529999,29.763055800000004,-95.36305237
FTR,3.57,3.45,3.29,3.34,3.42,3.42,3.35,3.36,3.38,41.05333328,-73.53916931
FTV,54.959998999999996,55.049999,54.119999,54.09,54.509997999999996,54.459998999999996,53.75,54.009997999999996,53.630001,47.97916794,-122.2008362
GE,31.681569,32.009104,31.890001,31.82,31.879998999999998,31.9,31.700001,31.709999,31.6,41.14110947,-73.26416779
GE,31.681569,32.009104,31.890001,31.82,31.879998999999998,31.9,31.700001,31.709999,31.6,38.24944305,-122.03888700000002
GGP,25.882111,25.812828,25.119999,24.540001,24.559998999999998,24.57,24.41,24.51,24.98,41.84999847,-87.65000153
GM,36.400002,36.610001000000004,36.419998,35.689999,35.689999,35.540001000000004,35.150002,35.139998999999996,34.84,42.33139038,-83.04582977
GOOG,794.200012,796.419983,794.5599980000001,791.26001,789.909973,791.549988,785.049988,782.789978,771.820007,37.38611221,-122.08277890000001
GOOGL,812.5,815.200012,812.200012,809.679993,807.799988,809.929993,804.570007,802.880005,792.450012,37.38611221,-122.08277890000001
GPC,98.559998,98.720001,97.83000200000001,96.57,96.900002,97.58000200000001,96.370003,96.449997,95.540001,33.74888992,-84.38805389
GPN,70.779999,71.41999799999999,70.870003,70.029999,70.300003,70.730003,69.66999799999999,69.82,69.410004,33.74888992,-84.38805389
GPS,23.687858,23.895732000000002,23.509679000000002,22.252529,22.351518,22.490101,22.470304000000002,22.5,22.440001000000002,37.77500153,-122.41833500000001
GS,239.07000699999998,243.08999599999999,241.440002,240.11999500000002,240.97000099999997,241.559998,240.649994,238.17999300000002,239.44999700000002,40.71416855,-74.0063858
GT,32.029999,32.130001,32.060001,31.5,31.639999,31.889999,31.200001,31.129998999999998,30.870001000000002,41.08139038,-81.51916504
GWW,236.92999300000002,238.91000400000001,238.289993,238.190002,237.059998,238.02999900000003,233.919998,233.539993,232.25,33.64694595,-117.68833159999998
HAL,53.720001,53.330002,54.959998999999996,55.07,54.84,54.91,54.299999,54.040001000000004,54.09,29.763055800000004,-95.36305237
HAR,110.660004,111.0,110.75,110.849998,110.959999,111.029999,111.150002,111.059998,111.160004,41.05333328,-73.53916931
HAS,79.82,80.970001,80.010002,78.720001,78.360001,78.199997,77.620003,77.93,77.790001,41.87861252,-71.38305664
HBAN,13.09,13.36,13.33,13.33,13.42,13.44,13.25,13.08,13.22,39.96111298,-82.99888611
HBAN,13.09,13.36,13.33,13.33,13.42,13.44,13.25,13.08,13.22,32.4608345,-84.98777771
HBI,21.66,21.9,22.08,21.719998999999998,21.690001000000002,21.700001,21.530001000000002,21.65,21.57,36.09972382,-80.2444458
HCA,73.5,73.349998,73.519997,73.959999,74.459999,74.370003,73.559998,73.889999,74.019997,36.16583252,-86.78444672
HCN,66.379997,66.459999,65.309998,65.339996,65.510002,65.860001,65.400002,65.769997,66.93,41.66388702,-83.55527496
HCP,30.299999,30.02,29.370001000000002,29.18,29.26,29.370001000000002,29.01,29.360001,29.719998999999998,33.76694489,-118.18833159999998
HD,135.440002,137.110001,136.830002,135.429993,135.050003,135.259995,135.070007,135.100006,134.080002,33.74888992,-84.38805389
HES,63.369999,63.389998999999996,63.560001,63.709998999999996,63.779999,64.410004,63.48,62.900002,62.290001000000004,40.71416855,-74.0063858
HIG,47.830002,48.009997999999996,48.209998999999996,48.16,48.25,48.25,47.73,47.720001,47.650002,41.76361084,-72.68555450000001
HOG,59.23,59.790001000000004,59.709998999999996,57.84,58.18,58.439999,57.91,58.16,58.34,43.03888702,-87.90638733
HP,78.449997,78.839996,79.5,78.650002,78.339996,79.959999,78.389999,78.16999799999999,77.400002,36.1538887,-95.99250031
HPE,23.73,23.84,23.889999,23.76,23.82,23.74,23.299999,23.34,23.139999,37.44194412,-122.1419449
HPQ,15.12,15.08,15.14,15.14,15.1,15.21,14.94,14.94,14.84,37.44194412,-122.1419449
HRB,23.200001,23.200001,23.209999,23.299999,23.280001000000002,23.51,23.290001,23.219998999999998,22.99,39.09972382,-94.57833099
HRB,23.200001,23.200001,23.209999,23.299999,23.280001000000002,23.51,23.290001,23.219998999999998,22.99,39.11416626,-94.62722015
HRL,34.611404,34.710921,34.5915,34.979613,35.138837,35.258255,34.681064,35.069177,34.641261,30.26694489,-97.74277496
HRS,104.349998,104.209999,103.790001,103.699997,103.720001,103.43,103.339996,103.110001,102.470001,28.08333397,-80.60832977
HST,18.927099,18.867891,18.917231,18.552108,18.680395,18.709999,18.57,18.75,18.84,38.98055649,-77.10055542
HUM,200.12368500000002,199.96391,199.514556,202.640074,205.236366,205.76560700000002,204.307701,202.63009399999999,203.73850900000002,38.25416565,-85.75944519
ICE,57.66,58.07,57.330002,57.279999,56.82,57.279999,56.650002,56.490002000000004,56.419998,33.74888992,-84.38805389
IFF,117.23793799999999,117.15836499999999,117.605949,118.709997,118.239998,119.019997,118.800003,118.900002,117.83000200000001,40.71416855,-74.0063858
ILMN,129.649994,128.050003,127.82,126.769997,128.75,128.940002,127.93,128.720001,128.03999299999998,32.71527863,-117.15638729999999
INTC,36.889998999999996,37.209998999999996,36.98,36.93,36.970001,37.07,36.630001,36.66,36.27,37.35416794,-121.95417020000001
INTU,117.802774,118.04206699999999,117.344127,116.56642099999999,116.57638600000001,116.556448,115.120678,114.582264,114.273177,37.38611221,-122.08277890000001
IP,53.68,53.990002000000004,53.950001,53.790001000000004,54.029999,54.279999,53.380001,53.369999,53.060001,35.14944458,-90.04888916
IPG,23.870001000000002,23.709999,23.5,23.58,23.6,23.76,23.530001000000002,23.639999,23.41,40.71416855,-74.0063858
IR,76.959999,77.290001,76.730003,76.410004,76.860001,77.019997,75.910004,75.57,75.040001,53.3330574,-6.248888968999999
IRM,31.98,31.969998999999998,32.240002000000004,32.41,32.540001000000004,32.450001,32.119999,32.380001,32.48,42.35833359,-71.06027985
ISRG,637.909973,634.01001,630.289978,637.580017,640.75,639.51001,635.549988,636.549988,634.169983,37.36888885,-122.0352783
IVZ,31.4,31.83,31.440001000000002,31.049999,30.860001,31.16,30.35,30.1,30.34,33.74888992,-84.38805389
JBHT,97.860001,98.0,97.010002,97.160004,97.470001,98.010002,97.08000200000001,97.339996,97.07,42.63333511,-71.31666565
JCI,42.310001,42.869999,42.810001,42.610001000000004,42.5,42.369999,41.860001000000004,41.68,41.189999,51.89861298,-8.495833397
JEC,58.740002000000004,59.43,58.459998999999996,58.349998,58.189999,58.470001,57.490002000000004,57.279999,57.0,34.14777756,-118.1436081
JEC,58.740002000000004,59.43,58.459998999999996,58.349998,58.189999,58.470001,57.490002000000004,57.279999,57.0,29.69083405,-95.20888519
JNJ,116.019997,115.660004,115.309998,115.440002,115.959999,115.910004,115.099998,115.489998,115.209999,40.48611069,-74.45222473
JNPR,28.540001,28.5,28.459999,28.26,28.459999,28.68,28.43,28.370001000000002,28.26,37.36888885,-122.0352783
JPM,84.959905,86.05385,86.27264100000001,86.41187,86.570993,86.650547,86.024016,85.417372,85.815173,40.71416855,-74.0063858
JWN,50.84,51.77,51.209998999999996,48.240002000000004,48.75,48.959998999999996,48.41,48.290001000000004,47.93,47.60638809,-122.3308334
K,72.91999799999999,73.269997,73.150002,73.660004,73.57,73.849998,73.43,73.959999,73.709999,42.32110977,-85.17972565
KEY,18.17,18.459999,18.32,18.360001,18.469998999999998,18.540001,18.26,18.110001,18.27,41.49944305,-81.69555664
KHC,86.599998,85.980003,86.610001,87.279999,87.57,87.58000200000001,87.309998,87.93,87.32,40.44055557,-79.99610901
KLAC,79.370003,78.879997,78.980003,79.150002,79.120003,80.019997,79.760002,79.290001,78.68,37.42833328,-121.90555570000001
KMB,114.870003,114.41999799999999,114.610001,115.019997,114.82,115.110001,114.150002,115.08000200000001,114.120003,32.81388855,-96.9486084
KMI,21.01,20.77,21.17,20.99,21.129998999999998,21.139999,20.73,20.76,20.709999,29.763055800000004,-95.36305237
KMX,62.360001000000004,66.160004,66.0,64.059998,64.040001,64.309998,63.790001000000004,63.900002,64.389999,37.55361176,-77.46055603
KMX,62.360001000000004,66.160004,66.0,64.059998,64.040001,64.309998,63.790001000000004,63.900002,64.389999,37.93583298,-122.34666440000001
KO,41.669998,41.66,41.57,41.549999,41.599998,41.610001000000004,41.389998999999996,41.599998,41.459998999999996,33.74888992,-84.38805389
KORS,44.849998,44.259997999999996,44.209998999999996,42.75,42.84,42.919998,43.139998999999996,42.84,42.98,40.71416855,-74.0063858
KR,35.880001,35.490002000000004,35.209998999999996,34.98,35.080002,35.169998,34.68,34.59,34.509997999999996,39.16194534,-84.45694733
KSU,86.128851,85.401651,85.162565,84.963334,84.963334,85.830004,84.529999,84.459999,84.849998,39.09972382,-94.57833099
KSU,86.128851,85.401651,85.162565,84.963334,84.963334,85.830004,84.529999,84.459999,84.849998,39.11416626,-94.62722015
L,47.43,47.720001,47.900002,47.68,47.509997999999996,47.439999,47.189999,46.950001,46.830002,40.71416855,-74.0063858
LB,69.199997,69.769997,68.730003,66.610001,66.690002,66.459999,66.110001,66.290001,65.839996,32.4608345,-84.98777771
LB,69.199997,69.769997,68.730003,66.610001,66.690002,66.459999,66.110001,66.290001,65.839996,39.96111298,-82.99888611
LEN,43.362565000000004,42.962908,43.432503999999994,42.882975,42.523289,43.322598,43.12277,42.862996,42.892969,25.77388954,-80.1938858
LKQ,31.99,32.02,32.369999,30.940001000000002,30.93,31.33,30.879998999999998,30.879998999999998,30.65,41.84999847,-87.65000153
LLL,155.25,156.080002,154.009995,153.800003,153.149994,153.139999,151.71000700000002,152.970001,152.110001,40.71416855,-74.0063858
LLTC,62.279999,62.509997999999996,62.52,62.439999,62.549999,62.66,62.509997999999996,62.57,62.349998,37.42833328,-121.90555570000001
LLY,73.41999799999999,73.379997,73.25,73.260002,73.790001,73.809998,73.059998,73.559998,73.550003,39.76833344,-86.15805817
LMT,252.17999300000002,253.729996,252.520004,252.80000299999998,249.58999599999999,250.86000099999998,249.580002,250.58999599999999,249.940002,38.98055649,-77.10055542
LNT,37.77,37.799999,37.689999,37.810001,37.860001000000004,38.0,37.540001000000004,38.189999,37.889998999999996,43.07305527,-89.40110779
LRCX,106.989998,106.849998,106.480003,107.690002,108.059998,109.029999,107.57,107.150002,105.730003,37.54833221,-121.9875031
LUK,23.379998999999998,23.889999,23.780001000000002,23.5,23.540001,23.49,23.219998999999998,23.200001,23.25,40.71416855,-74.0063858
LUV,50.349998,50.889998999999996,50.650002,50.25,50.450001,50.490002000000004,50.169998,50.200001,49.84,32.78333282,-96.80000305
LYB,88.139999,88.129997,87.769997,87.529999,87.699997,87.099998,86.379997,86.010002,85.779999,51.91666794,4.5
M,37.0,37.950001,37.509997999999996,36.169998,36.48,36.529999,36.279999,36.290001000000004,35.810001,39.16194534,-84.45694733
MAA,96.02544499999999,96.560627,93.48829,94.538829,94.67757900000001,95.470444,95.034368,95.72811899999999,97.04625300000001,35.14944458,-90.04888916
MAC,69.879997,69.940002,68.58000200000001,68.349998,68.16999799999999,69.010002,69.010002,69.25,70.839996,34.01944351,-118.49028020000002
MAR,84.860001,85.099998,84.849998,83.730003,84.089996,84.139999,83.360001,83.32,82.68,38.98055649,-77.10055542
MAS,32.299412,32.359223,32.6882,31.930558,31.960466999999998,32.139908,31.73118,31.790993,31.521833,42.24083328,-83.26972198
MCHP,65.010002,65.300003,65.16999799999999,65.379997,65.400002,65.400002,64.66999799999999,64.760002,64.150002,33.30611038,-111.84055330000001
MCK,141.559998,141.130005,141.58999599999999,140.33999599999999,141.179993,142.070007,141.529999,141.779999,140.449997,37.77500153,-122.41833500000001
MCO,95.91999799999999,96.75,96.489998,95.860001,95.41999799999999,95.699997,94.690002,94.290001,94.269997,40.71416855,-74.0063858
MDT,72.66607900000001,72.010001,71.58000200000001,71.739998,71.949997,71.769997,71.809998,71.540001,71.230003,53.3330574,-6.248888968999999
MET,53.919998,54.279999,54.580002,54.43,54.43,54.700001,53.970001,53.799999,53.889998999999996,40.71416855,-74.0063858
MKC,92.162116,92.301408,92.74914,92.390958,92.58,92.58,92.790001,93.66999799999999,93.33000200000001,39.53499985,-119.7516632
MLM,222.67999300000002,226.039993,225.44999700000002,224.149994,225.11000099999998,229.190002,226.169998,224.83999599999999,221.52999900000003,35.77194595,-78.6388855
MMC,68.336552,68.048001,67.968399,68.06790500000001,68.177348,67.858949,67.381353,67.411202,67.251998,40.71416855,-74.0063858
MNK,53.380001,53.16,52.43,52.029999,53.18,51.77,49.689999,49.509997999999996,49.82,53.3330574,-6.248888968999999
MNST,43.869999,43.540001000000004,45.369999,45.299999,45.57,45.529999,44.91,45.029999,44.34,33.87527847,-117.5655594
MO,67.15,67.339996,67.269997,67.68,67.720001,67.82,67.510002,67.849998,67.620003,37.93583298,-122.34666440000001
MO,67.15,67.339996,67.269997,67.68,67.720001,67.82,67.510002,67.849998,67.620003,37.55361176,-77.46055603
MOS,27.77,28.16,28.780001000000002,29.35,29.18,30.040001,29.059998999999998,29.33,29.33,45.01055527,-93.45527649
MOS,27.77,28.16,28.780001000000002,29.35,29.18,30.040001,29.059998999999998,29.33,29.33,41.95833206,-70.66777802
MRO,18.51,18.309998999999998,18.08,18.040001,18.059998999999998,18.139999,17.85,17.57,17.309998999999998,29.763055800000004,-95.36305237
MS,42.830002,43.5,43.369999,42.790001000000004,43.060001,43.119999,42.619999,42.150002,42.25,40.71416855,-74.0063858
MSI,83.93,83.760002,84.0,83.720001,83.410004,83.519997,82.860001,82.870003,82.889999,42.03333282,-88.08333588
MTB,154.179993,157.020004,155.91000400000001,156.029999,157.100006,158.100006,156.649994,155.630005,156.429993,42.88639069,-78.8786087
MTD,421.25,425.39999400000005,423.05999800000006,423.07000700000003,426.07000700000003,427.329987,420.579987,420.32000700000003,418.559998,39.96111298,-82.99888611
MTD,421.25,425.39999400000005,423.05999800000006,423.07000700000003,426.07000700000003,427.329987,420.579987,420.32000700000003,418.559998,32.4608345,-84.98777771
MYL,37.490002000000004,37.290001000000004,37.52,37.310001,37.5,37.580002,37.209998999999996,37.380001,38.150002,52.34999847,4.916666985
NAVI,16.690001000000002,16.73,16.690001000000002,16.629998999999998,16.66,16.68,16.450001,16.379998999999998,16.43,40.73555374,-74.17277527
NBL,40.25,40.150002,39.599998,39.529999,39.189999,39.310001,38.799999,38.27,38.060001,29.763055800000004,-95.36305237
NDAQ,67.699997,68.010002,67.489998,67.209999,67.16999799999999,67.529999,67.339996,67.010002,67.120003,40.71416855,-74.0063858
NEM,31.780001000000002,31.66,31.549999,31.440001000000002,32.459998999999996,32.59,32.779999,35.27,34.07,39.73916626,-104.984169
NFX,45.0,43.75,43.48,42.5,42.400002,42.27,41.66,41.240002000000004,40.5,29.763055800000004,-95.36305237
NLSN,43.290001000000004,43.290001000000004,43.259997999999996,42.77,42.75,42.700001,42.240002000000004,42.099998,41.950001,40.71416855,-74.0063858
NOV,38.490002000000004,38.799999,38.849998,38.900002,38.380001,38.919998,37.959998999999996,37.830002,37.439999,29.763055800000004,-95.36305237
NSC,106.93,108.16999799999999,108.050003,108.779999,109.279999,109.449997,108.720001,108.82,108.07,36.84666824,-76.28555298
NTAP,36.543752000000005,36.633271,36.205568,36.026529,36.125993,36.414445,35.638613,35.489412,35.081603,37.36888885,-122.0352783
NTRS,88.66999799999999,90.150002,90.08000200000001,89.699997,89.529999,89.839996,89.209999,88.629997,89.050003,41.84999847,-87.65000153
NUE,60.160185,61.740471,61.760349,61.25346700000001,61.114323,61.491997999999995,60.919998,60.93,59.52,35.22694397,-80.84333038
NVDA,101.629997,105.16999799999999,105.83000200000001,107.110001,109.779999,117.32,109.25,111.43,106.739998,37.35416794,-121.95417020000001
NWL,45.700001,45.610001000000004,46.169998,45.540001000000004,45.389998999999996,45.490002000000004,45.369999,45.299999,44.650002,33.92416763,-84.3786087
NWS,12.15,11.95,12.05,12.05,12.05,12.25,12.05,12.05,11.8,40.71416855,-74.0063858
NWSA,11.73,11.65,11.72,11.74,11.73,11.91,11.69,11.66,11.46,40.71416855,-74.0063858
O,57.122513,56.554573,56.036457999999996,56.126132999999996,56.20584100000001,56.22576899999999,55.887,56.630001,57.48,32.71527863,-117.15638729999999
OKE,57.456768000000004,58.020458,57.8919,57.268873,58.040237,58.376473,57.031529000000006,57.338097999999995,56.774409,36.1538887,-95.99250031
OMC,85.879997,86.25,85.940002,86.150002,86.370003,86.849998,85.959999,85.68,85.110001,40.71416855,-74.0063858
ORLY,283.109985,285.149994,285.52999900000003,282.98999,283.22000099999997,283.649994,280.670013,281.640015,278.410004,37.21527863,-93.29805756
ORLY,283.109985,285.149994,285.52999900000003,282.98999,283.22000099999997,283.649994,280.670013,281.640015,278.410004,42.10138702,-72.59027863
ORLY,283.109985,285.149994,285.52999900000003,282.98999,283.22000099999997,283.649994,280.670013,281.640015,278.410004,39.80166626,-89.64360809
ORLY,283.109985,285.149994,285.52999900000003,282.98999,283.22000099999997,283.649994,280.670013,281.640015,278.410004,44.04639053,-123.02083590000002
ORLY,283.109985,285.149994,285.52999900000003,282.98999,283.22000099999997,283.649994,280.670013,281.640015,278.410004,39.92416763,-83.8088913
OXY,72.470001,72.379997,72.160004,72.360001,72.110001,72.349998,71.870003,71.599998,71.230003,34.05222321,-118.242775
PBCT,19.27,19.4,19.35,19.42,19.360001,19.48,19.49,19.370001000000002,19.360001,41.166942600000006,-73.20527649
PBI,15.87,15.99,15.91,15.64,15.6,15.6,15.31,15.34,15.19,41.05333328,-73.53916931
PCAR,65.209999,65.699997,65.360001,65.139999,65.43,65.629997,64.959999,64.370003,63.900002,47.61055374,-122.1994476
PCG,60.332884,60.640403000000006,60.630481,60.789198999999996,60.69992,60.690001,60.080002,61.09,60.77,37.77500153,-122.41833500000001
PCLN,1488.829956,1502.25,1505.76001,1481.339966,1486.199951,1493.420044,1480.459961,1480.160034,1466.060059,41.11750031,-73.40833282
PCLN,1488.829956,1502.25,1505.76001,1481.339966,1486.199951,1493.420044,1480.459961,1480.160034,1466.060059,33.90222168,-118.0808334
PEG,43.669998,43.77,43.59,43.68,43.68,43.799999,43.41,44.049999,43.880001,40.73555374,-74.17277527
PFE,32.830002,32.849998,32.400002,32.34,32.48,32.529999,32.349998,32.490002000000004,32.48,40.71416855,-74.0063858
PFG,57.84,58.75,59.110001000000004,58.419998,58.41,58.73,58.0,57.849998,57.860001000000004,41.60055542,-93.60888672
PG,84.043931,83.90503199999999,83.617311,83.80582,84.291965,83.934795,83.408964,83.686761,83.418887,39.16194534,-84.45694733
PH,142.820007,143.91000400000001,142.389999,142.800003,142.740005,143.270004,140.869995,140.259995,140.0,41.49944305,-81.69555664
PHM,18.91,19.09,19.15,18.549999,18.379998999999998,18.620001000000002,18.450001,18.5,18.379998999999998,33.74888992,-84.38805389
PKI,53.369324,53.44922,53.019788,52.27078,52.590357,52.610331,52.120977,52.110991999999996,52.081033000000005,42.37638855,-71.2361145
PLD,52.490002000000004,52.450001,51.900002,51.900002,51.75,52.040001000000004,51.549999,52.27,52.790001000000004,37.77500153,-122.41833500000001
PM,90.42,90.699997,91.309998,91.610001,91.58000200000001,91.33000200000001,90.940002,91.730003,91.489998,40.71416855,-74.0063858
PNC,115.27506899999999,117.534775,117.106724,116.897677,117.425273,117.77368500000001,116.529351,115.573704,116.429806,40.44055557,-79.99610901
PNW,77.099998,77.139999,77.059998,77.599998,77.660004,77.849998,76.93,78.25,78.029999,33.44833374,-112.0733337
PPG,96.220001,95.639999,95.870003,95.0,94.690002,95.849998,94.66999799999999,95.309998,94.760002,40.44055557,-79.99610901
PPL,34.580002,34.5,34.43,34.459998999999996,34.290001000000004,34.209998999999996,33.860001000000004,34.259997999999996,34.049999,40.60833359,-75.49055481
PRGO,84.550003,84.720001,84.790001,84.339996,84.980003,85.18,82.839996,82.309998,83.230003,53.3330574,-6.248888968999999
PRU,105.910004,107.099998,106.470001,105.650002,106.199997,106.519997,104.959999,103.91999799999999,104.059998,40.73555374,-74.17277527
PSA,220.36999500000002,217.83999599999999,215.13000499999998,217.25999500000003,218.72000099999997,220.13999900000002,218.27999900000003,220.399994,223.5,33.53861237,-112.18527979999999
PSA,220.36999500000002,217.83999599999999,215.13000499999998,217.25999500000003,218.72000099999997,220.13999900000002,218.27999900000003,220.399994,223.5,34.14250183,-118.2541656
PSX,87.16999799999999,86.940002,86.779999,87.559998,87.720001,87.739998,87.120003,86.650002,86.410004,29.763055800000004,-95.36305237
PVH,91.709999,92.41999799999999,92.5,90.360001,90.040001,90.470001,90.010002,90.870003,90.239998,40.71416855,-74.0063858
PWR,35.169998,35.529999,35.029999,34.700001,34.810001,35.040001000000004,34.419998,34.59,34.849998,29.763055800000004,-95.36305237
PX,123.0,118.389999,118.529999,117.190002,117.589996,118.550003,117.480003,117.410004,117.190002,41.39472198,-73.45444489
PXD,186.020004,185.679993,184.83999599999999,186.940002,185.009995,185.0,181.809998,181.649994,180.070007,32.81388855,-96.9486084
PYPL,39.439999,39.740002000000004,40.09,39.68,39.580002,39.720001,39.57,39.959998999999996,39.470001,37.33944321,-121.8938904
QCOM,67.019997,66.910004,67.160004,66.760002,66.860001,67.25,65.75,66.040001,65.199997,32.71527863,-117.15638729999999
QRVO,55.450001,54.740002000000004,54.990002000000004,55.099998,55.529999,55.540001000000004,54.700001,53.610001000000004,52.73,36.07249832,-79.79222107
R,77.209999,77.559998,76.949997,75.959999,76.139999,76.730003,75.18,75.400002,74.440002,25.77388954,-80.1938858
RAI,55.970001,55.98,55.93,55.950001,56.029999,56.18,55.939999,56.099998,56.040001000000004,36.09972382,-80.2444458
RCL,82.550003,85.400002,85.209999,84.239998,84.25,83.800003,83.019997,82.959999,82.040001,25.77388954,-80.1938858
RF,14.28,14.58,14.53,14.55,14.56,14.64,14.43,14.17,14.36,33.520557399999994,-86.80249786
RHT,80.470001,79.389999,79.790001,68.709999,71.010002,70.190002,70.019997,69.650002,69.699997,35.77194595,-78.6388855
RL,92.722575,92.404351,92.29496,90.226509,88.95360600000001,89.6,89.980003,90.739998,90.32,40.71416855,-74.0063858
ROK,134.830002,135.570007,135.570007,135.570007,136.009995,136.029999,134.740005,134.850006,134.399994,43.03888702,-87.90638733
ROP,184.081617,185.978037,185.459015,185.658634,185.578784,185.848278,183.462793,182.784085,182.734176,27.33611107,-82.53083038
ROST,68.410004,68.43,68.0,67.110001,67.110001,67.150002,66.519997,66.370003,65.599998,37.66249847,-121.8736115
RRC,33.970001,33.240002000000004,34.209998999999996,34.220001,34.700001,34.77,34.32,34.259997999999996,34.360001000000004,32.72527695,-97.32055664
RSG,57.089498,57.17899499999999,56.97016899999999,57.0,57.039777,57.089498,57.0,57.150002,57.049999,33.44833374,-112.0733337
RTN,142.249092,143.084809,141.83123999999998,142.577406,142.56746299999998,142.348586,141.095033,142.656999,142.0,42.37638855,-71.2361145
SBUX,57.650002,57.700001,57.439999,57.110001000000004,57.009997999999996,56.860001000000004,56.349998,56.32,55.52,47.60638809,-122.3308334
SCHW,38.75,40.150002,39.98,39.77,40.32,40.470001,39.889998999999996,39.580002,39.470001,37.77500153,-122.41833500000001
SE,41.450001,41.150002,41.16,41.669998,41.540001000000004,41.759997999999996,41.0,41.16,41.09,29.763055800000004,-95.36305237
SHW,268.880005,266.190002,271.209991,270.209991,272.299988,272.380005,270.299988,271.130005,268.73999,41.49944305,-81.69555664
SIG,94.113294,94.880871,94.462193,93.106466,92.917061,93.41549,93.405519,93.654733,93.963764,39.39944458,-84.56138611
SLG,109.297979,109.48658,106.81641499999999,106.012391,104.811308,105.21828799999999,104.314995,105.099998,107.550003,40.71416855,-74.0063858
SNA,172.300003,174.41000400000001,173.619995,172.83999599999999,173.41000400000001,173.979996,171.740005,172.149994,171.270004,42.58472061,-87.82111359
SNI,70.75,72.68,72.129997,72.599998,72.510002,72.730003,72.029999,71.790001,71.370003,39.16194534,-84.45694733
SO,49.09,49.200001,49.240002000000004,49.360001000000004,49.330002,49.299999,48.900002,49.369999,49.189999,33.74888992,-84.38805389
SPG,182.630005,182.979996,178.169998,176.240005,175.949997,175.96000700000002,174.199997,175.979996,177.669998,39.76833344,-86.15805817
SPGI,112.599998,112.32,111.699997,109.699997,109.019997,109.43,108.68,108.610001,107.540001,40.71416855,-74.0063858
SPLS,9.77,9.84,9.7,9.26,9.22,9.26,9.1,9.18,9.05,42.27916718,-71.41666412
SRCL,77.120003,76.879997,76.510002,77.279999,77.459999,77.16999799999999,76.110001,76.860001,77.040001,33.64694595,-117.68833159999998
SRE,102.751261,102.33438199999999,101.083736,101.371584,100.915,101.230003,99.91999799999999,100.989998,100.639999,32.71527863,-117.15638729999999
STI,55.32,56.169998,56.02,56.150002,56.169998,56.389998999999996,55.48,54.689999,54.849998,33.74888992,-84.38805389
STT,77.940388,78.62704599999999,78.477772,78.617092,78.30859699999999,78.617092,78.020002,77.660004,77.720001,42.35833359,-71.06027985
STX,38.709998999999996,38.759997999999996,38.91,39.02,39.110001000000004,39.380001,38.790001000000004,38.02,38.169998,53.3330574,-6.248888968999999
SWK,117.440002,117.209999,116.779999,115.809998,116.690002,116.489998,115.089996,115.239998,114.690002,41.66110992,-72.77999878
SWN,10.69,10.38,10.98,11.08,11.01,11.02,10.89,10.7,10.82,29.763055800000004,-95.36305237
SYF,36.900002,37.259997999999996,37.099998,36.880001,36.970001,37.0,36.240002000000004,36.09,36.27,41.05333328,-73.53916931
SYK,118.392174,119.089717,118.980104,120.056307,120.335321,120.425001,119.879997,120.519997,119.809998,42.29166794,-85.58721924
SYMC,24.219998999999998,24.15,24.25,24.110001,24.139999,24.360001,24.15,24.23,23.889999,37.38611221,-122.08277890000001
SYY,56.27034200000001,56.131181999999995,55.922439000000004,55.912501,55.892621,55.832979,55.395621,55.584479,55.037780000000005,29.763055800000004,-95.36305237
T,41.636088,41.98207,41.873333,42.229197,42.239081,42.160002,42.031494,42.169885,42.041378,32.78333282,-96.80000305
TAP,97.589996,96.010002,97.309998,96.839996,97.739998,97.489998,96.959999,98.019997,97.309998,39.73916626,-104.984169
TDG,251.08999599999999,249.75,248.960007,248.94999700000002,250.100006,250.899994,249.5,249.82000699999998,248.960007,41.49944305,-81.69555664
TGT,77.040001,77.650002,77.129997,73.739998,73.5,73.699997,72.83000200000001,72.620003,72.230003,44.97999954,-93.26361084
TIF,79.940002,80.449997,80.040001,77.769997,77.129997,78.370003,77.379997,77.400002,77.43,40.71416855,-74.0063858
TJX,76.940002,77.620003,77.449997,76.440002,76.440002,76.25,75.309998,75.709999,75.129997,42.27916718,-71.41666412
TMO,141.25,141.800003,140.770004,140.520004,141.83999599999999,142.41000400000001,141.220001,141.479996,141.100006,42.37638855,-71.2361145
TRIP,46.450001,48.790001000000004,46.279999,46.389998999999996,46.540001000000004,47.290001000000004,46.849998,46.950001,46.369999,42.33694458,-71.20972443
TROW,76.629997,77.66999799999999,77.41999799999999,76.57,76.589996,76.900002,76.07,75.540001,75.260002,39.29027939,-76.61250305
TRV,121.75,122.440002,122.57,122.120003,122.120003,121.980003,122.08000200000001,122.290001,122.41999799999999,40.71416855,-74.0063858
TSCO,76.519997,78.110001,77.650002,76.209999,76.129997,76.529999,75.730003,76.019997,75.809998,40.78111267,-73.24666595
TSN,62.330002,61.900002,61.970001,61.740002000000004,62.549999,62.439999,61.650002,62.150002,61.68,36.1866684,-94.1286087
TSO,90.510002,88.769997,89.66999799999999,90.309998,90.949997,90.43,88.690002,88.550003,87.449997,29.42388916,-98.49333191
TSS,50.110001000000004,50.549999,50.25,50.049999,49.990002000000004,49.990002000000004,49.299999,49.25,49.029999,39.96111298,-82.99888611
TSS,50.110001000000004,50.549999,50.25,50.049999,49.990002000000004,49.990002000000004,49.299999,49.25,49.029999,32.4608345,-84.98777771
TWX,95.08000200000001,95.730003,95.989998,96.459999,96.410004,96.739998,96.220001,96.690002,96.529999,40.71416855,-74.0063858
TXN,73.57,74.040001,74.16999799999999,74.199997,74.379997,74.870003,74.050003,74.150002,72.970001,32.78333282,-96.80000305
TXT,48.34,48.66,48.700001,48.59,48.939999,49.040001000000004,48.52,48.580002,48.560001,41.82389069,-71.41333008
UA,25.370001000000002,25.690001000000002,26.049999,25.48,25.23,25.18,25.23,25.120001000000002,25.17,39.29027939,-76.61250305
UAA,30.110001,30.01,30.049999,29.389999,29.290001,29.309998999999998,29.42,29.23,29.049999,39.29027939,-76.61250305
UAL,74.480003,76.050003,75.720001,74.190002,74.790001,74.66999799999999,73.529999,73.279999,72.879997,41.84999847,-87.65000153
UDR,35.252208,35.559696,34.954638,35.133177,35.281964,35.291885,35.202614000000004,35.52994,36.184595,39.55389023,-104.96888729999999
ULTA,259.97000099999997,260.890015,262.950012,257.309998,256.859985,258.730011,255.75,257.339996,254.940002,41.69861221,-88.06833649
UNH,161.53999299999998,161.58999599999999,161.330002,161.580002,163.029999,162.639999,161.440002,161.03999299999998,160.03999299999998,44.91333389,-93.50305939
UNM,43.549868,44.286649,44.406126,44.336431,44.276694,44.356345000000005,43.768909,43.619563,43.739041,35.04555511,-85.30972290000001
UNP,103.400002,104.650002,104.650002,105.190002,105.18,105.709999,104.760002,104.41999799999999,103.68,41.25860977,-95.9375
UPS,116.980003,117.519997,116.099998,116.300003,115.970001,116.129997,115.199997,114.980003,114.639999,33.74888992,-84.38805389
URBN,30.049999,30.4,29.92,28.58,28.42,28.639999,28.73,28.780001000000002,28.48,39.95222092,-75.16416931
URI,106.269997,107.25,108.480003,106.860001,108.059998,108.58000200000001,106.209999,106.699997,105.58000200000001,41.05333328,-73.53916931
USB,51.592356,52.258771,51.890749,51.870859,51.920590999999995,52.030003,51.779999,51.299999,51.369999,44.97999954,-93.26361084
UTX,110.82,110.650002,110.489998,110.459999,110.650002,110.980003,110.190002,110.550003,109.620003,41.76361084,-72.68555450000001
V,78.099998,78.360001,78.139999,77.900002,78.150002,78.349998,78.300003,78.33000200000001,78.019997,37.77500153,-122.41833500000001
VAR,91.110001,90.489998,90.459999,90.269997,91.010002,91.58000200000001,90.650002,90.239998,89.779999,37.44194412,-122.1419449
VFC,53.669998,54.540001000000004,54.59,53.540001000000004,53.299999,53.779999,53.810001,53.630001,53.349998,36.07249832,-79.79222107
VIAB,34.490002000000004,34.630001,35.25,35.150002,35.150002,35.790001000000004,35.52,35.279999,35.099998,40.71416855,-74.0063858
VLO,67.449997,67.57,67.93,68.720001,68.959999,69.449997,68.66999799999999,68.629997,68.32,29.42388916,-98.49333191
VMC,124.18,125.949997,126.190002,125.309998,125.589996,127.540001,126.849998,127.25,125.150002,33.520557399999994,-86.80249786
VNO,103.224796,103.999651,102.370467,102.370467,102.191653,102.32079300000001,101.64527700000001,102.17178100000001,103.681762,40.71416855,-74.0063858
VRSK,82.110001,82.370003,82.43,82.07,82.110001,82.150002,81.650002,81.699997,81.16999799999999,40.72805405,-74.07805634
VRTX,76.300003,76.440002,72.599998,72.019997,74.309998,75.190002,74.589996,74.440002,73.66999799999999,42.375,-71.10610962
VTR,61.790001000000004,61.93,61.150002,61.169998,60.860001000000004,61.529999,61.16,61.73,62.52,41.84999847,-87.65000153
VZ,52.3503,52.558078,52.409667,53.082474,53.112155,53.072578,52.874692,53.171521999999996,52.81533,40.71416855,-74.0063858
WAT,136.130005,136.330002,135.639999,135.720001,136.21000700000002,136.509995,134.66000400000001,134.5,134.389999,41.22222137,-73.0569458
WDC,67.87289799999999,68.45869,68.72677,69.68986,69.84871600000001,69.66999799999999,69.209999,68.43,67.949997,33.66944504,-117.82221979999998
WEC,58.16,58.450001,58.459998999999996,58.709998999999996,58.73,58.57,57.900002,58.849998,58.650002,43.03888702,-87.90638733
WFC,55.220001,56.099998,55.709998999999996,55.75,55.959998999999996,55.950001,55.32,54.84,55.110001000000004,37.77500153,-122.41833500000001
WFM,32.292208,32.242436,32.361889,31.714852,31.764623999999998,31.575489,31.077766999999998,30.868724,30.619863,30.26694489,-97.74277496
WLTW,123.152506,123.361694,122.514978,122.37552,124.009185,123.79999699999999,122.379997,122.16999799999999,122.279999,51.51412582,-0.093689002
WM,71.089996,71.139999,70.690002,70.790001,70.91999799999999,70.959999,70.959999,71.010002,70.910004,29.763055800000004,-95.36305237
WMB,30.76,30.35,30.620001000000002,30.299999,31.559998999999998,31.780001000000002,31.040001,31.01,31.139999,36.1538887,-95.99250031
WRK,52.310001,52.48,52.32,51.529999,51.889998999999996,52.27,51.529999,51.610001000000004,50.77,37.93583298,-122.34666440000001
WRK,52.310001,52.48,52.32,51.529999,51.889998999999996,52.27,51.529999,51.610001000000004,50.77,37.55361176,-77.46055603
WY,30.469998999999998,30.690001000000002,30.82,30.620001000000002,30.57,30.43,29.889999,30.35,30.09,47.32249832,-122.3113861
WYNN,90.120003,88.309998,89.269997,88.25,88.339996,88.239998,87.08000200000001,87.16999799999999,86.510002,36.17499924,-115.1363907
XEC,137.58999599999999,136.149994,135.929993,136.770004,135.720001,136.71000700000002,136.440002,136.320007,135.899994,39.73916626,-104.984169
XEL,40.421245,40.639418,40.57,40.669998,40.669998,40.73,40.290001000000004,40.939999,40.700001,44.97999954,-93.26361084
XL,37.07,37.279999,37.529999,37.669998,37.990002000000004,38.029999,37.700001,37.259997999999996,37.259997999999996,39.39944458,-84.56138611
XLNX,58.610001000000004,59.959998999999996,60.240002000000004,60.189999,60.560001,61.240002000000004,60.630001,60.740002000000004,60.369999,37.33944321,-121.8938904
XOM,90.41999799999999,90.43,90.279999,90.870003,90.709999,90.75,90.300003,90.349998,90.260002,32.81388855,-96.9486084
XRX,6.013458999999999,6.079324,5.987113,5.9344209999999995,5.894902,5.8883160000000005,5.769759,5.743412999999999,5.749999,41.11750031,-73.40833282
XRX,6.013458999999999,6.079324,5.987113,5.9344209999999995,5.894902,5.8883160000000005,5.769759,5.743412999999999,5.749999,33.90222168,-118.0808334
XYL,50.759997999999996,50.919998,50.830002,51.130001,51.009997999999996,50.860001000000004,49.939999,49.77,49.52,41.03388977,-73.76333618
YHOO,38.419998,39.16,39.150002,38.5,38.66,38.919998,38.73,38.639998999999996,38.669998,37.36888885,-122.0352783
YUM,63.744341000000006,63.923511,63.89365,63.754296999999994,63.515404000000004,63.734384999999996,63.425819,63.336234,63.03762,38.25416565,-85.75944519
ZION,42.700001,43.91,43.639998999999996,43.740002000000004,43.860001000000004,43.93,43.279999,42.790001000000004,43.040001000000004,40.76083374,-111.890274
